Title,Subtitle,Description,Category,Formats,SKU,Image
Meltface,Where Identity Dissolves,A surreal portrait of a face melting and deconstructing in a desert landscape with streaming neon colors—yellows, purples, reds, and greens flowing like liquid. Perfect for creative spaces and collectors of psychological surreal art.,Surreal Faces,Print · Canvas · Apparel,meltface,assets/meltface.jpg
Smiles & Cries,Cosmic Duality,Multiple faces radiate outward—some smiling brilliantly, others screaming or crying—set against cosmic spheres and celestial bodies in golds, teals, and warm tones. A powerful exploration of human emotion against the vastness of the cosmos.,Surreal Faces,Print · Canvas · Apparel,smiles_and_cries,assets/smiles_and_cries.jpg
Spiral Crumbles,Into the Abyss,Stacked demonic faces spiral downward in purple and magenta, shifting to golden yellows and greens. A vertiginous descent into the layers of consciousness and spiritual darkness.,Surreal Faces,Print · Canvas · Apparel,spiral_crumbles,assets/spiral_crumbles.jpg
Monkey Forest,Temple of Light,A massive glowing purple demon statue dominates a neon-lit temple interior with glowing crystals and mystical stones in iridescent colors, with a starry cosmos above. Ancient spirituality meets cosmic futurism.,Surreal Faces,Print · Canvas · Apparel,monkey_forest,assets/monkey_forest.jpg
Humming Bird,Spirit Messenger,A radiant hummingbird composed entirely of glowing multicolored light trails surrounds blooming red flowers and a golden geometric portal against a cosmic background. Magical, transcendent, and deeply spiritual.,Surreal Faces,Print · Canvas · Apparel,humming_bird,assets/humming_bird.jpg
Spiral Indonesia,Sacred Descent,Stacked mystical faces in green, purple, and gold with a spiraling center pattern and temple-like architectural elements. Southeast Asian spirituality transformed into surreal art.,Surreal Faces,Print · Canvas · Apparel,spiral_indonesia,assets/spiral_indonesia.jpg
Jimmy's Coming Home,Pure Joy Unleashed,A vibrant pop art explosion featuring a character in dynamic motion with bold striped clothing in red, blue, and yellow against a radiating sunburst. Pure celebratory energy in 1960s-70s aesthetic.,Surreal Faces,Print · Canvas · Apparel,jimmys_coming_home,assets/jimmys_coming_home.jpg
Tio Round 8,Sacred Geometry,A complex black and white geometric composition with a meditative face surrounded by sacred geometry patterns, multiple wisdom figures, and mystical symbolism. Spiritual enlightenment meets intellectual depth.,Surreal Faces,Print · Canvas · Apparel,tio_round_8,assets/tio_round_8.jpg
Mutiface Remix,Identities Intertwined,Multiple interwoven faces with ornate decorative patterns and mystical symbols creating sophisticated, mysterious composition. Where portraiture meets decorative art at highest levels.,Surreal Faces,Print · Canvas · Apparel,mutiface_remix,assets/mutiface_remix.jpg
Flower Indonesian,Demons & Beauty,Ornately carved demon faces in golden tones stacked vertically, intertwined with deep purple, red, and orange blooming roses. Dark mysticism dances with natural beauty.,Surreal Faces,Print · Canvas · Apparel,flower_indonesian,assets/flower_indonesian.jpg
Romantic Floral Dress,Wearable Dreams,A flowing dress design with romantic floral patterns in soft, dreamy colors. Perfect for those who appreciate surreal artistry in wearable form.,Surreal Faces,Apparel,romantic_floral_dress,assets/romantic_floral_dress.jpg
Cute Chibi,Whimsy in Every Glance,A charming chibi-style illustration in surreal colors and whimsical proportions. Playful and delightful for everyday inspiration.,Surreal Faces,Print · Canvas · Apparel,cute_chibi,assets/cute_chibi.jpg
Methtio,Form Surrenders,A melting, transformative piece exploring boundaries between form and abstraction with rich, blended colors. For collectors who appreciate dark, thought-provoking art.,Surreal Faces,Print · Canvas · Apparel,methtio,assets/methtio.jpg
777,Lucky Numbers Align,A numerically-inspired design featuring the lucky number rendered in surreal artistic interpretation with bold, eye-catching colors. For those who believe in the power of symbols.,Surreal Faces,Print · Canvas · Apparel,777,assets/777.jpg
Florence,Where Art Was Born,The Arno River winds through Florence's iconic skyline with the Duomo glowing in warm terracotta tones at golden hour. Romantic Italian Renaissance perfection.,Travel Cityscapes,Print · Canvas · Apparel,florence,assets/florence.jpg
London Modern Skyline,Skyline Dreams,Contemporary London with glass towers illuminated against soft pink and blue twilight, the Thames reflecting city glow. Sophisticated urban romance.,Travel Cityscapes,Print · Canvas · Apparel,london_modern,assets/london_modern.jpg
Prague Charles Bridge,City of Spires,The Charles Bridge spans the Vltava with Prague Castle rising majestically in the background under golden-hour light. Romantic, historic, utterly magical.,Travel Cityscapes,Print · Canvas · Apparel,prague_charles_bridge,assets/prague_charles_bridge.jpg
Rome St. Peter's Sunset,Eternal & Sacred,St. Peter's Basilica dome glows brilliantly as the sky blazes in orange and red, the Tiber flowing in liquid gold. Surreal, spiritual, deeply moving.,Travel Cityscapes,Print · Canvas · Apparel,rome_st_peters,assets/rome_st_peters.jpg
Venice Grand Canal,City on Water,A gondola glides on the Grand Canal with St. Mark's Basilica glowing in golden light, surrounded by ornate Venetian architecture. Utterly romantic and dreamlike.,Travel Cityscapes,Print · Canvas · Apparel,venice_grand_canal,assets/venice_grand_canal.jpg
Munich Marienplatz,Bavarian Grandeur,The Gothic Rathaus rises in splendor with intricate architectural details illuminated at golden hour, the plaza below bustling with life. Grand, historic, deeply German.,Travel Cityscapes,Print · Canvas · Apparel,munich_rathaus,assets/munich_rathaus.jpg
London Night,Glittering Dreams,London's skyline glittering with millions of lights against deep blue twilight, the Thames reflecting the urban glow. Sophisticated, energetic, deeply romantic.,Travel Cityscapes,Print · Canvas · Apparel,london_night,assets/london_night.jpg
Las Vegas Sunset,Desert Magic,The Strip glows in warm amber and gold against spectacular sunset colors with luxury yachts and palm trees. Glamorous, aspiring, surprisingly peaceful.,Travel Cityscapes,Print · Canvas · Apparel,las_vegas,assets/las_vegas.jpg
Macau Gaming Resort,Monte Carlo of the East,Golden casino resorts glow brilliantly beneath a full moon in a deep teal sky viewed from above, mountains surrounding. Surreal, glamorous, deeply luxurious.,Travel Cityscapes,Print · Canvas · Apparel,macau,assets/macau.jpg
Munich Rathaus Evening,Golden Hour Magic,The Rathaus bathed in honeyed golden light with intricate Gothic details beautifully illuminated, sky transitioning from warm gold to soft blue. Romantic, timeless, deeply European.,Travel Cityscapes,Print · Canvas · Apparel,munich_evening,assets/munich_evening.jpg
Cemetery Surreal,Sacred Ground,A moonlit historic cemetery with moss-covered stones, full moon casting ethereal blue light, gnarled trees, and a flowing stream. Gothic, mysterious, peacefully spiritual.,Gardens & Cemeteries,Print · Canvas · Apparel,cemetery_surreal,assets/cemetery_surreal.jpg
Zen Garden,Peace in Simplicity,Moss-covered ground with smooth stones, a traditional stone lantern, bamboo stalks, and flowing water in emerald and gold tones. Profoundly peaceful and spiritually meditative.,Gardens & Cemeteries,Print · Canvas · Apparel,zen_garden,assets/zen_garden.jpg
Dream Garden Surreal,Where Fantasy Blooms,Enormous surreal flowers in brilliant oranges, yellows, and reds with twisting vines in a dreamlike garden with romantic pavilion. Whimsical, romantic, deeply imaginative.,Gardens & Cemeteries,Print · Canvas · Apparel,garden_surreal,assets/garden_surreal.jpg
Dubai Modern,Architecture of Ambition,Modern Dubai at twilight with glass towers glowing in elegant amber and white against purple-blue sky, curved riverfront, palm trees. Sophisticated, aspirational, luxe.,Travel Cityscapes,Print · Canvas · Apparel,dubai_modern,assets/dubai_modern.jpg
Hong Kong Harbour,Past & Future,A traditional red-sailed junk boat on glittering water with Hong Kong's glowing skyline rising dramatically behind. East meets West, tradition meets futurism.,Travel Cityscapes,Print · Canvas · Apparel,hong_kong_harbour,assets/hong_kong_harbour.jpg
Singapore,The Lion City Glows,Sleek towers rising from dark water with warm white and amber lighting creating a sea of light, clean modern architecture. Sophisticated, contemporary, hyper-modern.,Travel Cityscapes,Print · Canvas · Apparel,singapore,assets/singapore.jpg
